<metadata xml:lang="en"><Esri><CreaDate>20250114</CreaDate><CreaTime>12012100</CreaTime><ArcGISFormat>1.0</ArcGISFormat><SyncOnce>FALSE</SyncOnce><DataProperties><itemProps><itemName Sync="TRUE">PajaroRiverWatershed</itemName><imsContentType Sync="TRUE">002</imsContentType><itemLocation><linkage Sync="TRUE">file://\\rincon.net\gis\gis\Projects\ESA Projects\Pajaro Valley Water Management Agency\24-16204 PV Water MLRP and Watershed Plan\Data\Data_Sent\External_20250325_EagleRockAnalytics\PajaroRiverWatershed.shp</linkage><protocol Sync="TRUE">Local Area Network</protocol></itemLocation><itemSize Sync="TRUE">0.000</itemSize></itemProps><coordRef><type Sync="TRUE">Projected</type><geogcsn Sync="TRUE">GCS_North_American_1983</geogcsn><csUnits Sync="TRUE">Linear Unit: Foot_US (0.304801)</csUnits><projcsn Sync="TRUE">NAD_1983_StatePlane_California_IV_FIPS_0404_Feet</projcsn><peXml Sync="TRUE">&lt;ProjectedCoordinateSystem xsi:type='typens:ProjectedCoordinateSystem' xmlns:xsi='http://www.w3.org/2001/XMLSchema-instance' xmlns:xs='http://www.w3.org/2001/XMLSchema' xmlns:typens='http://www.esri.com/schemas/ArcGIS/3.4.0'&gt;&lt;WKT&gt;PROJCS[&amp;quot;NAD_1983_StatePlane_California_IV_FIPS_0404_Feet&amp;quot;,GEOGCS[&amp;quot;GCS_North_American_1983&amp;quot;,DATUM[&amp;quot;D_North_American_1983&amp;quot;,SPHEROID[&amp;quot;GRS_1980&amp;quot;,6378137.0,298.257222101]],PRIMEM[&amp;quot;Greenwich&amp;quot;,0.0],UNIT[&amp;quot;Degree&amp;quot;,0.0174532925199433]],PROJECTION[&amp;quot;Lambert_Conformal_Conic&amp;quot;],PARAMETER[&amp;quot;False_Easting&amp;quot;,6561666.666666666],PARAMETER[&amp;quot;False_Northing&amp;quot;,1640416.666666667],PARAMETER[&amp;quot;Central_Meridian&amp;quot;,-119.0],PARAMETER[&amp;quot;Standard_Parallel_1&amp;quot;,36.0],PARAMETER[&amp;quot;Standard_Parallel_2&amp;quot;,37.25],PARAMETER[&amp;quot;Latitude_Of_Origin&amp;quot;,35.33333333333334],UNIT[&amp;quot;Foot_US&amp;quot;,0.3048006096012192],AUTHORITY[&amp;quot;EPSG&amp;quot;,2228]]&lt;/WKT&gt;&lt;XOrigin&gt;-116466200&lt;/XOrigin&gt;&lt;YOrigin&gt;-92735300&lt;/YOrigin&gt;&lt;XYScale&gt;36606342.607551828&lt;/XYScale&gt;&lt;ZOrigin&gt;-100000&lt;/ZOrigin&gt;&lt;ZScale&gt;10000&lt;/ZScale&gt;&lt;MOrigin&gt;-100000&lt;/MOrigin&gt;&lt;MScale&gt;10000&lt;/MScale&gt;&lt;XYTolerance&gt;0.0032808333333333331&lt;/XYTolerance&gt;&lt;ZTolerance&gt;0.001&lt;/ZTolerance&gt;&lt;MTolerance&gt;0.001&lt;/MTolerance&gt;&lt;HighPrecision&gt;true&lt;/HighPrecision&gt;&lt;WKID&gt;102644&lt;/WKID&gt;&lt;LatestWKID&gt;2228&lt;/LatestWKID&gt;&lt;/ProjectedCoordinateSystem&gt;</peXml></coordRef><lineage><Process ToolSource="c:\program files\arcgis\pro\Resources\ArcToolbox\toolboxes\Conversion Tools.tbx\ExportFeatures" Date="20250114" Time="120122">ExportFeatures WBDHU10 "I:\Projects\ESA Projects\Pajaro Valley Water Management Agency\24-16204 PV Water MLRP and Watershed Plan\Data\GDB\Project_24_16204_SP04.gdb\ProjectComponents\PajaroRiverWatershed" # NOT_USE_ALIAS "tnmid "TNMID" true true false 40 Text 0 0,First,#,WBDHU10,tnmid,0,39;metasourceid "MetaSourceID" true true false 40 Text 0 0,First,#,WBDHU10,metasourceid,0,39;sourcedatadesc "SourceDataDesc" true true false 100 Text 0 0,First,#,WBDHU10,sourcedatadesc,0,99;sourceoriginator "SourceOriginator" true true false 130 Text 0 0,First,#,WBDHU10,sourceoriginator,0,129;sourcefeatureid "SourceFeatureID" true true false 40 Text 0 0,First,#,WBDHU10,sourcefeatureid,0,39;loaddate "LoadDate" true true false 8 Date 0 0,First,#,WBDHU10,loaddate,-1,-1;referencegnis_ids "ReferenceGNIS_IDs" true true false 50 Text 0 0,First,#,WBDHU10,referencegnis_ids,0,49;areaacres "AreaAcres" true true false 8 Double 0 0,First,#,WBDHU10,areaacres,-1,-1;areasqkm "AreaSqKm" true true false 8 Double 0 0,First,#,WBDHU10,areasqkm,-1,-1;states "States" true true false 50 Text 0 0,First,#,WBDHU10,states,0,49;huc10 "HUC10" true true false 10 Text 0 0,First,#,WBDHU10,huc10,0,9;name "Name" true true false 120 Text 0 0,First,#,WBDHU10,name,0,119;hutype "HUType" true true false 1 Text 0 0,First,#,WBDHU10,hutype,0,0;humod "HUMod" true true false 30 Text 0 0,First,#,WBDHU10,humod,0,29;shape_Length "shape_Length" false true true 8 Double 0 0,First,#,WBDHU10,shape_Length,-1,-1;shape_Area "shape_Area" false true true 8 Double 0 0,First,#,WBDHU10,shape_Area,-1,-1" #</Process><Process ToolSource="c:\program files\arcgis\pro\Resources\ArcToolbox\toolboxes\Data Management Tools.tbx\CalculateGeometryAttributes" Date="20250114" Time="120333">CalculateGeometryAttributes PajaroRiverWatershed "areasqkm AREA" # "Square Kilometers" # "Same as input"</Process><Process ToolSource="c:\program files\arcgis\pro\Resources\ArcToolbox\toolboxes\Data Management Tools.tbx\CalculateGeometryAttributes" Date="20250114" Time="120354">CalculateGeometryAttributes PajaroRiverWatershed "areaacres AREA" # "US Survey Acres" # "Same as input"</Process><Process ToolSource="c:\program files\arcgis\pro\Resources\ArcToolbox\toolboxes\Data Management Tools.tbx\CalculateGeometryAttributes" Date="20250121" Time="142319">CalculateGeometryAttributes "Pajaro River Watershed" "areaacres AREA" # "US Survey Acres" # "Same as input"</Process><Process ToolSource="c:\program files\arcgis\pro\Resources\ArcToolbox\toolboxes\Data Management Tools.tbx\CalculateGeometryAttributes" Date="20250121" Time="142341">CalculateGeometryAttributes "Pajaro River Watershed" "areasqkm AREA" # "Square Kilometers" # "Same as input"</Process><Process ToolSource="c:\program files\arcgis\pro\Resources\ArcToolbox\Toolboxes\Data Management Tools.tbx\DeleteField" Date="20250325" Time="143206">DeleteField PajaroRiverWatershed humod;tnmid;metasourceid;sourcedatadesc;sourceoriginator;sourcefeatureid;loaddate;referencegnis_ids DELETE_FIELDS</Process><Process ToolSource="c:\program files\arcgis\pro\Resources\ArcToolbox\toolboxes\Data Management Tools.tbx\CalculateGeometryAttributes" Date="20250325" Time="143436">CalculateGeometryAttributes PajaroRiverWatershed "areaacres AREA" # ACRES_US # SAME_AS_INPUT</Process><Process ToolSource="c:\program files\arcgis\pro\Resources\ArcToolbox\toolboxes\Data Management Tools.tbx\CalculateGeometryAttributes" Date="20250325" Time="143602">CalculateGeometryAttributes PajaroRiverWatershed "areasqkm AREA" # SQUARE_KILOMETERS # SAME_AS_INPUT</Process><Process ToolSource="c:\program files\arcgis\pro\Resources\ArcToolbox\toolboxes\Data Management Tools.tbx\DeleteField" Date="20250325" Time="143727">DeleteField PajaroRiverWatershed huc10 DELETE_FIELDS</Process><Process ToolSource="c:\program files\arcgis\pro\Resources\ArcToolbox\toolboxes\Conversion Tools.tbx\ExportFeatures" Date="20250325" Time="144137">ExportFeatures PajaroRiverWatershed "I:\Projects\ESA Projects\Pajaro Valley Water Management Agency\24-16204 PV Water MLRP and Watershed Plan\Data\Data_Sent\External_20250325_EagleRockAnalytics\PajaroRiverWatershed.shp" # NOT_USE_ALIAS "hutype "HUType" true true false 1 Text 0 0,First,#,PajaroRiverWatershed,hutype,0,0;areaacres "AreaAcres" true true false 8 Double 0 0,First,#,PajaroRiverWatershed,areaacres,-1,-1;areasqkm "AreaSqKm" true true false 8 Double 0 0,First,#,PajaroRiverWatershed,areasqkm,-1,-1;states "States" true true false 50 Text 0 0,First,#,PajaroRiverWatershed,states,0,49;name "Name" true true false 120 Text 0 0,First,#,PajaroRiverWatershed,name,0,119;Shape_Length "Shape_Length" false true true 8 Double 0 0,First,#,PajaroRiverWatershed,Shape_Length,-1,-1;Shape_Area "Shape_Area" false true true 8 Double 0 0,First,#,PajaroRiverWatershed,Shape_Area,-1,-1" #</Process></lineage></DataProperties><SyncDate>20250325</SyncDate><SyncTime>14413600</SyncTime><ModDate>20250325</ModDate><ModTime>14413600</ModTime></Esri><dataIdInfo><envirDesc Sync="TRUE">Microsoft Windows Server 2016 Technical Preview Version 10.0 (Build 22631) ; Esri ArcGIS 13.4.0.55405</envirDesc><dataLang><languageCode value="eng" Sync="TRUE"></languageCode><countryCode value="USA" Sync="TRUE"></countryCode></dataLang><idCitation><resTitle Sync="TRUE">PajaroRiverWatershed</resTitle><presForm><PresFormCd value="005" Sync="TRUE"></PresFormCd></presForm></idCitation><spatRpType><SpatRepTypCd value="001" Sync="TRUE"></SpatRepTypCd></spatRpType></dataIdInfo><mdLang><languageCode value="eng" Sync="TRUE"></languageCode><countryCode value="USA" Sync="TRUE"></countryCode></mdLang><distInfo><distFormat><formatName Sync="TRUE">Shapefile</formatName></distFormat><distTranOps><transSize Sync="TRUE">0.000</transSize></distTranOps></distInfo><mdHrLv><ScopeCd value="005" Sync="TRUE"></ScopeCd></mdHrLv><mdHrLvName Sync="TRUE">dataset</mdHrLvName><refSysInfo><RefSystem><refSysID><identCode code="2228" Sync="TRUE"></identCode><idCodeSpace Sync="TRUE">EPSG</idCodeSpace><idVersion Sync="TRUE">5.3(9.0.0)</idVersion></refSysID></RefSystem></refSysInfo><spatRepInfo><VectSpatRep><geometObjs Name="PajaroRiverWatershed"><geoObjTyp><GeoObjTypCd value="002" Sync="TRUE"></GeoObjTypCd></geoObjTyp><geoObjCnt Sync="TRUE">0</geoObjCnt></geometObjs><topLvl><TopoLevCd value="001" Sync="TRUE"></TopoLevCd></topLvl></VectSpatRep></spatRepInfo><spdoinfo><ptvctinf><esriterm Name="PajaroRiverWatershed"><efeatyp Sync="TRUE">Simple</efeatyp><efeageom code="4" Sync="TRUE"></efeageom><esritopo Sync="TRUE">FALSE</esritopo><efeacnt Sync="TRUE">0</efeacnt><spindex Sync="TRUE">FALSE</spindex><linrefer Sync="TRUE">FALSE</linrefer></esriterm></ptvctinf></spdoinfo><eainfo><detailed Name="PajaroRiverWatershed"><enttyp><enttypl Sync="TRUE">PajaroRiverWatershed</enttypl><enttypt Sync="TRUE">Feature Class</enttypt><enttypc Sync="TRUE">0</enttypc></enttyp><attr><attrlabl Sync="TRUE">FID</attrlabl><attalias Sync="TRUE">FID</attalias><attrtype Sync="TRUE">OID</attrtype><attwidth Sync="TRUE">4</attwidth><atprecis Sync="TRUE">0</atprecis><attscale Sync="TRUE">0</attscale><attrdef Sync="TRUE">Internal feature number.</attrdef><attrdefs Sync="TRUE">Esri</attrdefs><attrdomv><udom Sync="TRUE">Sequential unique whole numbers that are automatically generated.</udom></attrdomv></attr><attr><attrlabl Sync="TRUE">Shape</attrlabl><attalias Sync="TRUE">Shape</attalias><attrtype Sync="TRUE">Geometry</attrtype><attwidth Sync="TRUE">0</attwidth><atprecis Sync="TRUE">0</atprecis><attscale Sync="TRUE">0</attscale><attrdef Sync="TRUE">Feature geometry.</attrdef><attrdefs Sync="TRUE">Esri</attrdefs><attrdomv><udom Sync="TRUE">Coordinates defining the features.</udom></attrdomv></attr><attr><attrlabl Sync="TRUE">areaacres</attrlabl><attalias Sync="TRUE">areaacres</attalias><attrtype Sync="TRUE">Double</attrtype><attwidth Sync="TRUE">19</attwidth><atprecis Sync="TRUE">0</atprecis><attscale Sync="TRUE">0</attscale></attr><attr><attrlabl Sync="TRUE">areasqkm</attrlabl><attalias Sync="TRUE">areasqkm</attalias><attrtype Sync="TRUE">Double</attrtype><attwidth Sync="TRUE">19</attwidth><atprecis Sync="TRUE">0</atprecis><attscale Sync="TRUE">0</attscale></attr><attr><attrlabl Sync="TRUE">states</attrlabl><attalias Sync="TRUE">states</attalias><attrtype Sync="TRUE">String</attrtype><attwidth Sync="TRUE">50</attwidth><atprecis Sync="TRUE">0</atprecis><attscale Sync="TRUE">0</attscale></attr><attr><attrlabl Sync="TRUE">name</attrlabl><attalias Sync="TRUE">name</attalias><attrtype Sync="TRUE">String</attrtype><attwidth Sync="TRUE">120</attwidth><atprecis Sync="TRUE">0</atprecis><attscale Sync="TRUE">0</attscale></attr><attr><attrlabl Sync="TRUE">hutype</attrlabl><attalias Sync="TRUE">hutype</attalias><attrtype Sync="TRUE">String</attrtype><attwidth Sync="TRUE">1</attwidth><atprecis Sync="TRUE">0</atprecis><attscale Sync="TRUE">0</attscale></attr><attr><attrlabl Sync="TRUE">Shape_Leng</attrlabl><attalias Sync="TRUE">Shape_Leng</attalias><attrtype Sync="TRUE">Double</attrtype><attwidth Sync="TRUE">19</attwidth><atprecis Sync="TRUE">0</atprecis><attscale Sync="TRUE">0</attscale></attr><attr><attrlabl Sync="TRUE">Shape_Area</attrlabl><attalias Sync="TRUE">Shape_Area</attalias><attrtype Sync="TRUE">Double</attrtype><attwidth Sync="TRUE">19</attwidth><atprecis Sync="TRUE">0</atprecis><attscale Sync="TRUE">0</attscale><attrdef Sync="TRUE">Area of feature in internal units squared.</attrdef><attrdefs Sync="TRUE">Esri</attrdefs><attrdomv><udom Sync="TRUE">Positive real numbers that are automatically generated.</udom></attrdomv></attr></detailed></eainfo><mdDateSt Sync="TRUE">20250325</mdDateSt></metadata>
